Date,haC,YASIN,YASIN1,Buy,Sell,Close
2015-10-05,26.47499942779541,26.47499942779541,26.366666158040363,0,0,26.25
2015-10-12,27.95000022649765,26.764158706207194,26.804489183673482,1,0,29.350000381469727
2015-10-19,29.801562279462814,27.38124798121344,27.532311603111207,0,0,30.649999618530273
2015-10-26,30.844531878829002,28.12703890021143,28.34689106102635,0,0,31.5
2015-11-02,30.309765450656414,28.674598892582534,28.784428274289528,0,0,28.75
2015-11-09,27.556640975177288,28.610651981332577,28.63968117721643,0,0,27.399999618530273
2015-11-16,28.284472523257136,28.690023414373606,28.762807858122777,0,0,28.950000762939453
2015-11-23,29.97661170270294,29.084751965986115,29.2428822259792,0,0,30.75
2015-11-30,30.70549391163513,29.567663125689876,29.71945852067244,0,0,30.25
2015-12-07,28.58555906242691,29.568431665125516,29.518465124183628,0,1,26.149999618530273
2015-12-14,27.331842508050613,29.31389527174422,29.292439016233768,0,0,28.149999618530273
2015-12-21,29.440921170578804,29.494463292522465,29.545226590753384,1,0,29.75
2015-12-28,31.664210787945194,30.08085510903457,30.33739328038014,0,0,34.0
2016-01-04,32.96648060854932,30.8429285579459,31.13570252855939,0,0,33.45000076293945
2016-01-11,31.536365030093293,31.222001011565062,31.348886238007243,0,0,29.450000762939453
2016-01-18,28.14261495856772,30.877273313632468,30.846194879961782,0,1,27.75
2016-01-25,28.528622477721,30.63651899640216,30.592950862145884,0,0,28.700000762939453
2016-02-01,27.42993591699542,30.19756462785203,30.028373644449815,0,0,26.100000381469727
2016-02-08,25.236843459176725,29.371007750615,29.106418690874087,0,0,24.75
2016-02-15,26.835608895802352,28.948950505010558,28.784177360617175,0,0,27.75
2016-02-22,27.57092973400347,28.716112972165643,28.62308133339344,0,0,28.299999237060547
2016-02-29,28.330777271634304,28.655984105921068,28.653881419990316,0,0,29.450000762939453
2016-03-07,29.474527462369167,28.82384549455102,28.889970710691312,1,0,29.850000381469727
2016-03-14,29.867069210620215,29.045157269757883,29.14642643474616,0,0,30.350000381469727
2016-03-21,30.78978459338918,29.41697323457526,29.599860312061512,0,0,31.799999237060547
2016-03-28,32.16364165296443,30.00892035901103,30.34334233758033,0,0,34.79999923706055
2016-04-04,33.147445242356696,30.716789735753984,31.033267354319662,0,0,33.54999923706055
2016-04-11,34.21591087219687,31.541358273048548,31.8993199661121,0,0,35.0
2016-04-18,34.54076753078685,32.32058745663073,32.627331380928105,0,0,34.04999923706055
2016-04-25,32.93600790708654,32.679234173400715,32.85572450923296,0,0,32.04999923706055
2016-05-02,31.322692419138516,32.66435159603557,32.69528977965914,0,0,30.0
2016-05-09,30.60509599499254,32.49601537279483,32.44113866218519,0,1,29.649999618530273
2016-05-16,29.4894707327321,32.11526464127745,31.95857194384118,0,0,28.5
2016-05-23,29.592680248748135,31.78776370905583,31.66862720161261,0,0,30.049999237060547
2016-05-30,29.955715434318222,31.55966338317595,31.43560939522811,0,0,29.700000762939453
2016-06-06,29.973170050266106,31.352630548734965,31.234347177767216,0,0,29.700000762939453
2016-06-13,29.708459917844692,31.109902916704918,31.00656695360243,0,0,29.799999237060547
2016-06-20,28.957354875475843,30.741471900098265,30.60944782040845,0,0,28.799999237060547
2016-06-27,29.783364818528632,30.57287034223863,30.499136226641443,0,0,30.149999618530273
2016-07-04,29.947932683445682,30.451721713687633,30.351681497101193,0,0,29.25
2016-07-11,29.517715733755466,30.256492211677706,30.129731011302287,0,0,28.899999618530273
2016-07-18,28.78542049800795,29.937587223563398,29.78750136810736,0,0,28.549999237060547
2016-07-25,28.530210356292336,29.60440361296943,29.428753227880623,0,0,27.950000762939453
2016-08-01,27.452605356960103,29.098719828447585,28.883661852568448,0,0,27.100000381469727
2016-08-08,27.53567772616377,28.670274290224913,28.43756847412456,0,0,26.850000381469727
2016-08-15,27.374088970370245,28.26357532292833,28.09023050433204,0,0,28.0
2016-08-22,27.55735711631534,27.945128398320158,27.762644965774033,0,0,27.100000381469727
2016-08-29,27.333366236971607,27.625823869535978,27.46016739770244,0,0,27.200000762939453
2016-09-05,28.049495737695093,27.4911651315918,27.416120450854493,0,0,28.850000381469727
2016-09-12,27.88568570263356,27.347338798453848,27.27018231989955,0,0,27.649999618530273
2016-09-19,27.80690557781443,27.212553735891518,27.14917705660404,0,0,27.799999237060547
2016-09-26,26.497202610093282,26.84484621057335,26.661714826190437,0,0,24.899999618530273
2016-10-03,25.87203870967921,26.407042420297635,26.234839054968116,0,0,25.899999618530273
2016-10-10,25.786019378681463,26.01448718176578,25.862754799404854,0,0,26.049999237060547
2016-10-17,26.647697356233735,25.848837583772298,25.791712436504,0,0,27.700000762939453
2016-10-24,26.98322410727031,25.78061031576864,25.74779409768202,0,0,27.350000381469727
2016-10-31,26.465049541714226,25.631015822691435,25.52845897567747,0,0,25.350000381469727
2016-11-07,25.110649723173395,25.246020511848343,25.112447743524513,0,0,25.100000381469727
2016-11-14,24.820024747015253,24.86299794186519,24.70383113593513,0,0,24.549999237060547
2016-11-21,24.48234990695149,24.473549236182926,24.315942760293964,0,0,24.450000762939453
2016-11-28,26.74586238195017,24.589415459343133,24.65638316299213,1,0,29.149999618530273
2016-12-05,30.448987143531596,25.43258127694158,25.716283099311664,0,0,31.799999237060547
2016-12-12,31.36511922741689,26.36782646939814,26.763312775062474,0,0,31.950000762939453
2016-12-19,30.425654860498405,27.017103824435882,27.285497404659736,0,0,29.149999618530273
2016-12-26,29.283139751435268,27.37190447148484,27.62372912281123,0,0,30.049999237060547
2017-01-02,30.993132018089767,28.024776175719737,28.373455107459613,0,0,32.70000076293945
2017-01-09,34.14187790107751,29.22031165172595,29.731858727791064,0,0,36.150001525878906
2017-01-16,35.75687707042706,30.58975831304822,31.040972830423975,0,0,34.349998474121094
2017-01-23,35.23156267690665,31.688390258791426,32.19764349724524,0,0,36.599998474121094
2017-01-30,36.22046914839748,32.84132914287031,33.33365896442369,0,0,36.650001525878906
2017-02-06,36.60554678809645,33.920061909740454,34.36612428833083,0,0,36.599998474121094
2017-02-13,35.80121103709937,34.696753343548785,35.009968447904654,0,0,34.849998474121094
2017-02-20,36.534980256289245,35.50621833182015,35.90054950342841,0,0,38.29999923706055
2017-02-27,37.611239532098175,36.40938231760188,36.735002775008255,0,0,37.04999923706055
2017-03-06,38.5806200998351,37.37164060058542,37.69729611949286,0,0,38.29999923706055
2017-03-13,39.10124709692225,38.295310856861164,38.63895340128988,0,0,39.54999923706055
2017-03-20,39.78187300009839,39.21376185464647,39.52061889250761,0,0,39.45000076293945
2017-03-27,39.64249849937018,39.964398218521445,40.24903520884871,0,0,39.900001525878906
2017-04-03,41.83062494109897,41.02145611336102,41.43192643327791,0,0,43.650001525878906
2017-04-10,39.22156232749833,41.405589030228896,41.31352484680636,0,1,32.900001525878906
2017-04-17,34.69031232749833,40.81881455433518,40.45686190609827,0,0,32.70000076293945
2017-04-24,33.63890609222359,40.06060071670211,39.59311671154849,0,0,33.0
2017-05-01,31.94800706972109,39.02921321343192,38.42629745051493,0,0,29.950000762939453
2017-05-08,30.916757784976827,37.8904657665703,37.274575377698184,0,0,30.25
2017-05-15,31.80575217870232,37.03805717463591,36.542661802403885,0,0,32.400001525878906
2017-05-22,30.43256313635586,35.998325770864625,35.41310500702471,0,0,28.899999618530273
2017-05-29,27.757563660876734,34.54226251201983,33.91101404784639,0,0,27.200000762939453
2017-06-05,27.447531854280225,33.18801321962765,32.55962327836991,0,0,26.799999237060547
2017-06-12,27.457976737411915,31.99142213758128,31.440887768252097,0,0,27.549999237060547
2017-06-19,27.261800666050163,30.897785755400662,30.37789812919422,0,0,26.799999237060547
2017-06-26,28.176213154890164,30.116630778756296,29.782829047907626,0,0,29.799999237060547
2017-07-03,28.99748147015672,29.595671484319936,29.292272087527635,0,0,28.399999618530273
2017-07-10,29.570615651631858,29.257450111324758,29.039388103527486,0,0,29.700000762939453
2017-07-17,30.785307885420572,29.20738260345823,29.14079665413874,0,0,32.04999923706055
2017-07-24,32.98218345762516,29.60422789798166,29.67200693624916,1,0,33.70000076293945
2017-07-31,32.89085838228768,29.945381406813247,30.028364000050658,0,0,32.900001525878906
2017-08-07,30.20167909577641,29.72695600111861,29.556181144292218,0,1,27.200000762939453
2017-08-14,28.871152214781212,29.281979256973884,29.099639810234045,0,0,28.799999237060547
2017-08-21,28.639902167097496,28.85413811516085,28.658413048422815,0,0,28.549999237060547
2017-08-28,30.974819971267323,28.94587961962445,28.937864185949067,0,0,32.650001525878906
2017-09-04,31.31240919885235,29.104021501484283,29.09073040754815,0,0,30.850000381469727
2017-09-11,31.865580159709836,29.3623657965247,29.379620087170323,1,0,31.450000762939453
2017-09-18,31.545290568613005,29.53689782517509,29.509699797146602,0,1,30.450000762939453
2017-09-25,30.135144878994918,29.42315525826107,29.345582869114004,0,0,29.549999237060547
2017-10-02,30.11288460571145,29.3274851826879,29.30467772896975,0,0,30.950000762939453
2017-10-09,30.273629588279004,29.28385989558018,29.251607474329333,0,0,30.049999237060547
2017-10-16,29.70556493719065,29.143306706603347,29.070244779757246,0,0,29.049999237060547
2017-10-23,31.06840775469762,29.296135529392544,29.37411626148669,1,0,32.650001525878906
2017-10-30,33.09201627006045,29.836659457219113,30.046062451859463,0,0,34.54999923706055
2017-11-06,34.14600851649995,30.52714770140821,30.785453586374267,0,0,34.54999923706055
2017-11-13,33.99800361451981,31.111845453316477,31.336693613766766,0,0,34.25
2017-11-20,34.67712683110176,31.76332282081451,32.027166365403474,0,0,35.400001525878906
2017-11-27,35.18387648775547,32.4376852203068,32.64534289171432,0,0,34.150001525878906
2017-12-04,34.23725043393358,32.845046165808775,33.05064945053503,0,0,34.95000076293945
2017-12-11,34.7139380507528,33.29457066732782,33.498849429976985,0,0,35.25
2017-12-18,35.91946884656247,33.92273739668532,34.290601815441605,0,0,38.70000076293945
2017-12-25,39.550718631985745,35.18202416468888,35.75861979907573,0,0,41.70000076293945
2018-01-01,43.28924276596381,37.014989690928516,37.82823315612659,0,0,46.400001525878906
2018-01-08,45.02587081077732,38.95561713092596,39.71608093676846,0,0,44.75
2018-01-15,41.17543483318407,39.88972028410036,40.28750130592768,0,0,38.04999923706055
2018-01-22,38.66605973781664,40.19612910179249,40.38236231467988,0,0,38.20000076293945
2018-01-29,35.78682798281689,39.87583037190588,39.74016849896992,0,1,32.70000076293945
2018-02-05,33.00557774439831,39.023562175905965,38.81976841826753,0,0,33.79999923706055
2018-02-12,33.531082019546076,38.35373601183082,38.06606142576709,0,0,32.349998474121094
2018-02-19,32.1717067811275,37.47814743337834,37.1488203224298,0,0,32.150001525878906
2018-02-26,32.21089496844472,36.69866972174863,36.342477395829555,0,0,31.350000381469727
2018-03-05,28.878884924617715,35.34615802897989,34.73532204067496,0,0,25.450000762939453
2018-03-12,27.43006730733678,33.86226718905954,33.277013266359276,0,0,27.299999237060547
2018-03-19,26.05722141592883,32.28267884202092,31.589254149847207,0,0,24.100000381469727
2018-03-26,24.60409653513812,30.60845763746969,29.891171422171183,0,0,23.700000762939453
2018-04-02,25.07446181855893,29.233568593787986,28.63083893828145,0,0,25.649999618530273
2018-04-09,25.920043170860886,28.200897391597977,27.68568897178696,0,0,25.75
2018-04-16,25.772521704639733,27.278766521817033,26.85167608771208,0,0,26.0
2018-04-23,25.295635745031504,26.39245815086843,26.003887687098498,0,0,25.299999237060547
2018-04-30,25.28375562285526,25.63159118784806,25.290227371114312,0,0,25.25
2018-05-07,24.540315013404406,24.84015380899129,24.48777643691527,0,0,23.850000381469727
2018-05-14,22.692033162353297,23.807378796336657,23.360914930737707,0,0,21.149999618530273
2018-05-21,20.73890708946969,22.544125902016,22.02955281186084,0,0,20.049999237060547
2018-05-28,20.277695057451194,21.373705662860445,20.86146673716392,0,0,19.600000381469727
2018-06-04,19.040195462762778,20.13626598422699,19.64460313641148,0,0,19.350000381469727
2018-06-11,19.217861592188346,19.12053829587596,18.64939469782352,0,0,18.450000762939453
2018-06-18,18.7667428550198,18.17969187195794,17.760693400619743,0,0,18.5
2018-06-25,17.36930926129591,17.121613127656993,16.651032593611287,0,0,16.149999618530273
2018-07-02,16.466183975193616,16.05956715461322,15.63666410380737,0,0,16.649999618530273
2018-07-09,18.39076440405193,15.550845610761431,15.326171752374712,0,0,19.799999237060547
2018-07-16,21.45006998812826,15.753228364988843,15.848819293124272,1,0,24.649999618530273
2018-07-23,24.700070107337552,16.61838099802927,16.972713092562163,0,0,26.200000762939453
2018-07-30,28.422673663585563,18.156686575662004,18.831072429323356,0,0,32.0
2018-08-06,30.33008639071841,19.92657490975033,20.653553052666208,0,0,31.299999237060547
2018-08-13,30.930086176141685,21.63736357371644,22.384881878064345,0,0,31.25
2018-08-20,31.699418147675487,23.32244244822914,24.022477176547564,0,0,31.350000381469727
2018-08-27,33.3451674183886,25.15009282414058,25.959850983996986,0,0,35.400001525878906
2018-09-03,33.37258298201763,26.779335752349766,27.445428590679406,0,0,32.54999923706055
2018-09-10,31.308166359878598,27.817349177688854,28.3373690154025,0,0,31.049999237060547
2018-09-17,28.67752133559039,28.218802494105805,28.430988353148393,0,0,26.100000381469727
2018-09-24,26.196270691860228,28.08624152128298,28.01899881113893,0,1,23.799999237060547
2018-10-01,24.747505661723146,27.68510539803021,27.51166040054004,0,0,23.450000762939453
2018-10-08,27.445628045438294,27.861023260777532,28.058632588312893,1,0,32.54999923706055
2018-10-15,33.00812744939185,29.106595715028504,29.5563603660882,0,0,33.400001525878906
2018-10-22,33.852813422292115,30.3663655000698,30.920309503644607,0,0,35.54999923706055
2018-10-29,42.02015599589032,33.0696941879599,34.26558993569586,0,0,49.849998474121094
2018-11-05,47.02953132967633,36.41811375550482,38.020790455166456,0,0,50.0
2018-11-12,47.83351580788931,39.49990510738645,40.96839767671865,0,0,47.54999923706055
2018-11-19,47.33025405926069,42.08007267909262,43.39003993849864,0,0,47.54999923706055
2018-11-26,51.82606445810477,45.18953366468616,46.68300768757979,0,0,55.5
2018-12-03,53.58021872769435,48.21865159663804,49.5058008561299,0,0,52.54999923706055
2018-12-10,50.91667255526106,50.301554117233856,51.48711953879119,0,0,52.29999923706055
2018-12-17,51.68646113457938,52.2169475123285,53.16179367906621,0,0,50.349998474121094
2018-12-24,50.83073099644314,53.660789348553934,54.447395193577144,0,0,50.95000076293945
2018-12-31,50.26380233064955,54.741899496756005,55.35435033824176,0,0,50.04999923706055
2019-01-07,50.91940059312019,55.7406784328182,56.2167208248082,0,0,50.25
2019-01-14,50.633137891927525,56.48055909211803,56.8687501952063,0,0,50.75
2019-01-21,50.347819542010214,56.99157317961967,57.23035112955641,0,0,49.150001525878906
2019-01-28,45.79890965179582,56.4650406251781,56.39221532544435,0,1,44.20000076293945
2019-02-04,40.61039137222359,54.90158001692914,54.31757162945968,0,0,35.599998474121094
2019-02-11,37.85726689674446,52.90805932905871,52.311208022075796,0,0,39.349998474121094
2019-02-18,39.16353469932574,51.3395780251878,50.77559778219455,0,0,39.849998474121094
2019-02-25,42.92082992118844,50.63361095280268,50.492085166453,0,0,48.400001525878906
2019-03-04,48.38020554107675,51.02623284295967,51.23074697949,1,0,50.0
2019-03-11,50.14478988906865,51.66392199541011,52.010898865367935,0,0,50.849998474121094
2019-03-18,49.733853448085796,52.09074815261135,52.30710970550099,0,0,48.20000076293945
2019-03-25,48.402863794889456,52.15137598438293,52.301210419134144,0,0,48.20000076293945
2019-04-01,49.52799406365872,52.371904221246254,52.53039221561522,0,0,49.849998474121094
2019-04-08,51.25149841465712,52.85170880254809,53.12467927766218,0,0,53.20000076293945
2019-04-15,52.91793582517982,53.54909115712919,53.87407608415032,0,0,54.150001525878906
2019-04-22,51.23240541258991,53.780617656211405,53.84134658874291,0,0,48.400001525878906
2019-04-29,46.55740522185505,53.0160596279965,52.757821585194954,0,1,43.849998474121094
2019-05-06,43.474014634090366,51.68912113501998,51.134992232811484,0,0,41.45000076293945
2019-05-13,40.838569697835894,49.96004730935887,49.24939265107844,0,0,40.650001525878906
2019-05-20,46.12995554434728,49.43762350410144,48.92386270541722,0,0,46.79999923706055
2019-05-27,49.06028950923419,49.52001791534702,49.24518269735236,0,0,50.349998474121094
2019-06-03,48.54108268377054,49.46080919428981,49.14736919870414,0,0,47.349998474121094
2019-06-10,48.26741591273183,49.32636781561996,49.067002345806785,0,0,48.5
2019-06-17,46.96183271794733,48.92504086155691,48.67358943193065,0,0,47.900001525878906
2019-06-24,49.46841654970853,49.03826418881131,48.96393945950112,0,0,51.349998474121094
2019-07-01,57.41077118016585,50.671898138438756,51.19078874126076,1,0,63.650001525878906
2019-07-08,62.56077056027755,53.0950713771367,53.91397657831389,0,0,63.849998474121094
2019-07-15,62.29800636792507,55.146725028786676,55.84512851427781,0,0,60.95000076293945
2019-07-22,61.977128183962535,56.85372553921673,57.54299658221802,0,0,62.900001525878906
2019-07-29,61.12918825751624,58.1491301127852,58.71724357612911,0,0,61.45000076293945
2019-08-05,59.813031414181395,58.98691243529596,59.44688164903916,0,0,60.54999923706055
2019-08-12,59.70182739646753,59.65609924498408,59.98615387999883,0,0,59.349998474121094
2019-08-19,58.49310141281049,59.96089615176201,60.19081592607389,0,0,58.599998474121094
2019-08-26,58.627800134200655,60.208362576009506,60.35298863955777,0,0,58.400001525878906
2019-09-02,57.84827537704448,60.22698462069513,60.32209487393399,0,0,58.349998474121094
2019-09-09,61.29601130569448,60.874164377747675,61.214063896453965,0,0,64.5999984741211
2019-09-16,63.002694535675,61.734100110272166,62.10533203396822,0,0,63.849998474121094
2019-09-23,65.8763472678375,63.00936606024112,63.497922943213204,0,0,67.0
2019-09-30,63.3756719649887,63.59493659945578,63.77135783367945,0,0,60.099998474121094
2019-10-07,61.18471257989883,63.632684152812615,63.79688973743864,0,0,62.45000076293945
2019-10-14,63.0329800501728,63.98077429127555,64.18385491806166,0,0,64.1500015258789
2019-10-21,63.510241312546725,64.33456427043534,64.54715919702562,0,0,64.5
2019-10-28,65.93168260791063,65.07519114547537,65.42933925687012,0,0,67.9000015258789
2019-11-04,69.49105884768724,66.37951332780457,66.81387832101646,0,0,68.69999694824219
2019-11-11,64.62901378208934,66.52764340975803,66.5803680800889,0,0,60.849998474121094
2019-11-18,61.74776506954968,66.04556838276923,65.92854655430125,0,1,60.5
2019-11-25,63.183035255806,65.85732002716784,65.79728200439742,0,0,63.599998474121094
2019-12-02,61.768078625865954,65.37203122827194,65.13753367171094,0,0,59.79999923706055
2019-12-09,60.4434154335003,64.64587488347743,64.4305666942609,0,0,61.29999923706055
2019-12-16,61.6013947875967,64.19815414903941,64.01934169651564,0,0,61.900001525878906
2019-12-23,61.038197822951794,63.66184234776375,63.430967128898416,0,0,60.25
2019-12-30,62.25659791011786,63.40007490481568,63.291084815957504,0,0,63.25
2020-01-06,61.03611190805423,62.90481411847125,62.75487305288105,0,0,61.20000076293945
2020-01-13,63.04774216656679,62.8403609069254,62.83943807567333,0,0,64.5999984741211
2020-01-20,63.61762036802766,62.87494897562908,62.87481666361576,0,0,63.54999923706055
2020-01-27,62.322872946274266,62.63262178376729,62.46942216622452,0,0,59.849998474121094
2020-02-03,60.72549918771385,62.08883671189386,61.913127995409596,0,0,60.849998474121094
2020-02-10,60.26118792832195,61.50436392859132,61.2693284680487,0,0,59.599998474121094
2020-02-17,57.99621886879355,60.534185272540824,60.215158018992966,0,0,57.650001525878906
2020-02-24,53.03560921982005,58.6997104166676,57.921455911003164,0,0,47.29999923706055
2020-03-02,47.663734648973495,56.02939396077133,54.90570427024123,0,0,44.099998474121094
2020-03-09,36.203433566875944,51.4380584786671,49.721813062568174,0,0,30.950000762939453
2020-03-16,30.850308471508512,46.365505963436874,44.26069438850902,0,0,29.049999237060547
2020-03-23,29.327421142058494,41.636805322207366,39.62249905715767,0,0,27.600000381469727
2020-03-30,27.83054561753762,37.232472799158856,35.29117091238433,0,0,26.75
2020-04-06,28.933417547096045,33.638399605021974,32.05489882604826,0,0,30.399999618530273
2020-04-13,30.076083713943376,30.778270362440068,29.47117360367364,0,0,30.899999618530273
2020-04-20,31.90835454770655,28.70935772903865,27.598022558855064,0,0,30.649999618530273
2020-04-27,31.00105221424863,26.806993618323297,25.895871902507537,0,0,31.649999618530273
2020-05-04,30.484901464752184,25.133095015247996,24.325781199546277,0,0,29.899999618530273
2020-05-11,32.16588713565063,24.0953715718222,23.51278299377278,0,0,32.349998474121094
2020-05-18,33.265756139350884,23.506523527670012,23.0743523667319,0,0,33.0
2020-05-25,35.04381585577774,23.446551187901534,23.279383514241296,0,0,36.400001525878906
2020-06-01,38.653191332614895,24.210208013156176,24.238673363200313,1,0,38.900001525878906
2020-06-08,37.96485954637241,24.85314466831079,24.939752537079926,0,0,38.0
2020-06-15,37.35586717781877,25.400777203641482,25.542430401314654,0,0,38.0
2020-06-22,37.546683445858235,26.01710389438145,26.132494999729637,0,0,36.75
2020-06-29,36.58271760507786,26.463399493594295,26.547170041123202,0,0,35.900001525878906
2020-07-06,35.72729632638079,26.777324038788706,26.816639854502526,0,0,34.79999923706055
2020-07-13,35.36364816319039,27.067689125799923,27.13793812521216,0,0,35.5
2020-07-20,35.43494843786503,27.419431883302416,27.491939266427224,0,0,35.0
2020-07-27,35.60341238650454,27.841061790708245,27.946622199313374,0,0,35.400001525878906
2020-08-03,35.91420602635927,28.348717611538,28.53875924308374,0,0,36.650001525878906
2020-08-10,37.34233188466615,29.147506908530154,29.398370578582593,0,0,37.150001525878906
2020-08-17,38.073083579133915,30.061659677357547,30.420376537083385,0,0,39.150001525878906
2020-08-24,39.517790764367064,31.212455392491684,31.59980494968879,0,0,39.25
2020-08-31,38.804208859699706,32.143071823339604,32.45151241917041,0,0,37.599998474121094
2020-09-07,37.61773019278931,32.78174662018484,33.04208333952566,0,0,37.400001525878906
2020-09-14,37.461989071194765,33.36100945871676,33.59457922944354,0,0,37.400001525878906
2020-09-21,37.04818172565323,33.83359382401189,34.01843886978518,0,0,36.599998474121094
2020-09-28,37.11002895887306,34.30205702471055,34.48257865075315,0,0,37.04999923706055
2020-10-05,36.77376352576221,34.68564243575426,34.84186212488636,0,0,36.599998474121094
2020-10-12,36.407195502657714,34.98555211738768,35.11569077068415,0,0,36.0
2020-10-19,35.628596511552246,35.12834266749253,35.2169595788146,0,0,35.349998474121094
2020-10-26,35.56585989746924,35.270911382088386,35.366781644004504,0,0,35.75
2020-11-02,37.35480528252063,35.77436927989325,35.952856566513596,0,0,37.70000076293945
2020-11-09,36.983653213464905,36.169619992047636,36.30288475185822,0,0,36.400001525878906
2020-11-16,37.73401458356961,36.6865898008528,36.879992614031885,0,0,38.0
2020-11-23,38.415263725262726,37.29434458760719,37.51696993337166,0,0,38.5
2020-11-30,49.150691110129614,39.94991978675588,41.111327348918785,0,0,59.599998474121094
2020-12-07,51.761283317325244,42.809075388228344,43.520989083015714,0,0,44.45000076293945
2020-12-14,46.82282920634634,44.357257125946816,45.01046267573888,0,0,47.349998474121094
2020-12-21,46.27391503232661,45.603475681817734,46.21176262809462,0,0,47.900001525878906
2020-12-28,49.32445715853544,47.28413839390936,47.93187227562203,0,0,50.150001525878906
2021-01-04,51.048166031584,49.08178520111704,49.83550702261099,0,0,53.45000076293945
2021-01-11,54.17316674683974,51.250935279581824,52.02176446123681,0,0,54.099998474121094
2021-01-18,54.00969695919376,53.095638126153645,53.74737179815493,0,0,52.849998474121094
2021-01-25,51.63766062196901,54.21493253807368,54.69491671077422,0,0,51.29999923706055
2021-02-01,52.720392524882215,55.36796710966918,55.77649269455326,0,0,52.29999923706055
2021-02-08,54.8680088816504,56.75593588351669,57.30627969543143,0,0,57.25
2021-02-15,55.82462848715088,58.1134049108602,58.59943480816216,0,0,55.849998474121094
2021-02-22,55.877938695212706,59.26284829449678,59.65720662227941,0,0,55.20000076293945
2021-03-01,63.929595563541106,61.793574130420936,62.961528389593504,0,0,74.3499984741211
2021-03-08,74.9358440376622,66.11428627808519,67.71131707838646,0,0,75.55000305175781
2021-03-15,81.91833534184353,71.21163117270794,73.4762187224425,0,0,92.19999694824219
2021-03-22,95.03708448353666,78.18111411328451,80.87983857006832,0,0,94.19999694824219
2021-03-29,88.88583443150733,83.00255492646198,85.30805838965209,0,0,89.30000305175781
2021-04-05,95.05697976343738,88.33061623992975,90.63739887804198,0,0,97.6500015258789
2021-04-12,91.97224097844415,92.27563493977175,94.19462787036763,0,0,91.75
2021-04-19,88.4236202508035,94.89927641125705,96.4149343874638,0,0,87.80000305175781
2021-04-26,92.45243383794141,97.83716114591317,99.34033134633734,0,0,94.75
2021-05-03,95.33090627863562,100.8203624193958,102.2770673186621,0,0,97.05000305175781
2021-05-10,96.88732785321551,103.57806300397166,104.79629773527915,0,0,95.80000305175781
2021-05-17,100.27491292524972,106.49051619057579,107.71393633464521,0,0,101.0999984741211
2021-05-24,96.97495631957372,108.22286347386833,108.8798997047372,0,0,91.94999694824219
2021-05-31,98.67029204261462,109.89205929536928,110.86678161871023,0,0,105.75
2021-06-07,132.33670647090753,117.77215439595119,120.47318408895276,0,0,148.3000030517578
2021-06-14,126.46835199567715,123.35903080384423,125.0831216357541,0,0,114.9000015258789
2021-06-21,119.67636092291792,126.7281975409533,128.14390255592798,0,0,116.75
2021-06-28,112.65693108134727,128.09068237494168,128.90889557554368,0,0,109.4000015258789
2021-07-05,109.05380598597984,128.35403158302648,128.82835308968606,0,0,109.55000305175781
2021-07-12,107.49860719813222,128.05444633548385,128.12271093734762,0,0,105.6500015258789
2021-07-19,101.77117778844294,126.44748934576523,126.09330507581187,0,1,100.44999694824219
2021-07-26,97.8180532652801,124.04661051206486,123.27833422652586,0,0,95.8499984741211
2021-08-02,93.93420064942703,120.97308867448595,119.92312318511898,0,0,92.55000305175781
2021-08-09,89.7249118710392,117.2586388234398,115.75561455816056,0,0,84.94999694824219
2021-08-16,82.02803772934608,112.31327276572746,110.29325603694423,0,0,77.44999694824219
2021-08-23,81.40622799160165,107.69110920955437,106.16938179116212,0,0,89.4000015258789
2021-08-30,98.62498947263799,106.87215433600738,106.16279695152116,0,0,103.1500015258789
2021-09-06,96.21093080580752,105.56683489298291,105.26433760049693,0,0,102.55000305175781
2021-09-13,98.63827823668977,104.7904406112426,104.62552351262369,0,0,100.44999694824219
2021-09-20,95.3910154058052,103.3751328331001,103.15049836473446,0,0,95.8499984741211
2021-09-27,97.23144596584206,102.40256089032823,102.19178729236043,0,0,96.94999694824219
2021-10-04,101.7344726014513,102.34984958595444,102.30677464382174,0,0,101.5999984741211
2021-10-11,105.7594236576745,103.01894981187198,103.44754683185872,1,0,112.0
2021-10-18,120.38442365767452,106.40437414038541,107.16274427270903,0,0,117.05000305175781
2021-10-25,108.1632939389395,106.91543787168357,106.98454063407306,0,0,100.5
2021-11-01,103.10977201715346,106.29811924058586,106.35927867495559,0,0,105.4000015258789
2021-11-08,107.85488429196296,106.6122633466503,106.73422434287406,0,0,108.44999694824219
2021-11-15,106.09775598112552,106.47611872219537,106.30478323226171,0,1,102.9000015258789
2021-11-22,104.07700232299074,105.89522167200583,105.5400737641084,0,0,101.25
2021-11-29,99.5791250647699,104.4419427119869,104.0250695142857,0,0,100.80000305175781
2021-12-06,102.95362622447784,103.77079355510358,103.48714933253258,0,0,104.05000305175781
2021-12-13,103.04400065992263,103.15139166608475,102.70537310826023,0,0,100.0999984741211
2021-12-20,98.74699904250099,101.72282008699564,101.20781400022338,0,0,98.6500015258789
2021-12-27,100.37662614249683,100.75017171877877,100.26964953539519,0,0,99.69999694824219
2022-01-03,100.94143850040186,99.9771503444505,99.53362309437333,0,0,100.19999694824219
2022-01-10,109.89259448861951,101.0296291819702,101.35314273916,1,0,117.1500015258789
2022-01-17,113.27285917210517,102.59940384197922,102.8161029874115,0,0,109.94999694824219
2022-01-24,105.45830468142002,102.42811316494353,102.43623608829391,0,0,105.75
2022-01-31,108.64477838975176,102.88068188527174,102.92094181308215,0,0,108.55000305175781
2022-02-07,117.31770188561075,104.96010548420634,105.7015248407912,0,0,125.0
2022-02-14,123.41197517986592,107.96454551615928,109.26537503123772,0,0,131.60000610351562
2022-02-21,122.5778600150123,110.41904796481262,111.53059078524703,0,0,124.05000305175781
2022-02-28,121.95768029360845,112.42460998870942,113.27900077977495,0,0,119.75
2022-03-07,120.38352683618106,113.84298555486,114.68917845910102,0,0,121.80000305175781
2022-03-14,123.61520220555086,115.68342303417444,116.56678243464364,0,0,125.0999984741211
2022-03-21,132.36853683847795,118.9751819725511,120.6011839606023,0,0,143.1999969482422
2022-03-28,168.63583440015023,128.93275260892008,133.35942036212964,0,0,203.4499969482422
2022-04-04,212.61083668896856,146.25095726743987,152.69190329024775,0,0,220.9499969482422
2022-04-11,218.80385193441958,162.60057560203114,169.7148368740327,0,0,223.25
2022-04-18,233.3103410830464,179.6747086350448,187.97708639077914,0,0,259.1000061035156
2022-04-25,273.1915895571675,202.31028968777397,211.8054209840587,0,0,280.3500061035156
2022-05-02,272.33929925239,221.79674647092662,231.35150033107033,0,0,292.04998779296875
2022-05-09,270.52590134280877,238.25899703416582,245.4518105712554,0,0,254.64999389648438
2022-05-16,287.18014074632504,255.62765105275935,263.7675945655804,0,0,312.25
2022-05-23,312.39163172875334,275.4254350510776,283.7648800864398,0,0,328.1000061035156
2022-05-30,311.2005050809904,292.1350824112468,297.7571550821698,0,0,284.1000061035156
2022-06-06,290.5658754424117,302.265486778363,306.2159124256973,0,0,280.1000061035156
2022-06-13,269.6173102416526,306.51052231116364,308.7208137399217,0,0,261.29998779296875
2022-06-20,259.1610648192893,307.6214598856522,308.8001799245801,0,0,264.45001220703125
2022-06-27,266.9402670154455,309.5543166806884,310.0291894783758,0,0,263.25
2022-07-04,268.8763835077227,311.0759324083513,311.480250139365,0,0,271.54998779296875
2022-07-11,281.28663097047513,314.29876995694553,315.1834749255865,0,0,286.75
2022-07-18,288.34287677430814,317.97774338398506,319.0798079680585,0,0,291.29998779296875
2022-07-25,303.8443132296793,323.71827602971075,325.661948276854,0,0,313.95001220703125
2022-08-01,324.1065257020589,332.2075349773954,334.95046565674363,0,0,332.04998779296875
2022-08-08,332.573570391923,340.7970808964807,344.18399300605427,0,0,345.1499938964844
2022-08-15,374.00553901065877,355.92543977141304,362.1995438567925,0,0,411.95001220703125
2022-08-22,394.72932914430646,372.7287683196961,377.66610002329753,0,0,375.5
2022-08-29,384.9537291702367,384.9920602224322,390.5236151315877,0,0,401.25
2022-09-05,398.0065467445422,397.7034117878904,402.5913106143747,0,0,397.0
2022-09-12,392.9720233722711,407.2413112344896,410.92939914932583,0,0,387.75
2022-09-19,394.16100901584747,415.18836920334195,417.8751729574674,0,0,385.6000061035156
2022-09-26,375.826637449075,417.89925407315286,419.39887824686764,0,0,373.5
2022-10-03,363.79259114022284,417.23879775996096,418.04807410134663,0,0,372.8500061035156
2022-10-10,352.790041946149,413.83070862702414,412.4956206515582,0,1,331.25
2022-10-17,335.67314578233965,406.8334637774472,404.7083229458822,0,0,332.20001220703125
2022-10-24,337.1865732726395,400.3674101982442,397.83976524104196,0,0,333.29998779296875
2022-10-31,341.604222419706,394.98200867476714,392.91356191181603,0,0,346.8500061035156
2022-11-07,356.8052383079365,392.7022770950127,391.3547363159518,0,0,360.20001220703125
2022-11-14,346.41980150412695,388.1735485290494,386.2171846709187,0,0,336.5
2022-11-21,331.16980722617285,380.7415827067907,377.9784541884956,0,0,323.95001220703125
2022-11-28,331.1479176955203,373.77746111149287,370.79774602013896,0,0,325.29998779296875
2022-12-05,322.8958391883363,365.65393189021347,362.22659588862246,0,0,316.04998779296875
2022-12-12,316.88854001653146,356.9921315050924,353.19329091377483,0,0,307.8999938964844
2022-12-19,290.2973993951676,343.86563885558144,338.0121430463342,0,0,262.20001220703125
2022-12-26,280.98463529023513,330.24738338917,325.91976495079507,0,0,299.54998779296875
2023-01-02,291.24075266556434,320.0916559356235,315.6590499725166,0,0,283.3999938964844
2023-01-09,283.2953755698427,309.4692912129052,305.0484307317211,0,0,278.70001220703125
2023-01-16,278.66331278492135,299.1323302175798,294.803475833592,0,0,275.04998779296875
2023-01-23,265.58633988702854,287.4370395316488,282.20406815547494,0,0,247.9499969482422
2023-01-30,222.97071832025608,268.80163797086317,260.9693378945475,0,0,191.9499969482422
2023-02-06,188.91660877865831,245.79350424646208,235.50936653826056,0,0,164.1999969482422
2023-02-13,164.2286176522686,220.84842250828643,209.655237280199,0,0,155.14999389648438
2023-02-20,163.14074325164444,198.91020455691262,188.03394231062168,0,0,146.64999389648438
2023-02-27,154.07349824706856,178.13698479708847,169.27716444849256,0,0,169.3000030517578
2023-03-06,186.92268633743197,166.67957776617868,160.68081262820283,0,0,204.89999389648438
2023-03-13,201.25393748184115,159.8474087849185,155.2684912842255,0,0,199.9499969482422
2023-03-20,196.81270235752083,153.43570220775814,149.62827220156453,0,0,192.60000610351562
2023-03-27,184.9141651092719,145.9509785303498,142.75305815560995,0,0,191.60000610351562
2023-04-03,191.73364333802218,141.2099054070668,138.62938517290036,0,0,192.1999969482422
2023-04-10,192.61994924393173,137.7366083291355,135.55901326596774,0,0,189.14999389648438
2023-04-17,192.99122280998466,135.28624307028383,134.00973683191148,0,0,199.25
2023-04-24,207.94092485866665,136.5976424631611,137.05136475346512,1,0,224.85000610351562
2023-05-01,228.37842295131804,142.29151912722233,144.4941817699027,0,0,239.85000610351562
2023-05-08,237.06577740888656,149.5209936297989,152.39179028061164,0,0,240.85000610351562
2023-05-15,229.91878929431454,154.96879520540875,157.84952928593054,0,0,236.10000610351562
2023-05-22,253.27190914447323,164.7981539393528,168.47393910598856,0,0,258.04998779296875
2023-05-29,252.26563725544815,173.6767203923834,177.36256318222127,0,0,255.64999389648438
2023-06-05,266.914071488747,184.7484279319877,189.22785113217407,0,0,276.20001220703125
2023-06-12,269.25390120763035,195.2978109451613,199.37265603111558,0,0,266.1000061035156
2023-06-19,256.0644572795354,202.30030154874157,204.9862685678146,0,0,242.39999389648438
2023-06-26,246.22754257027918,206.80187674546988,209.36863590764028,0,0,249.85000610351562
2023-07-03,248.12627109440473,211.37753273474715,213.39652343148282,0,0,243.75
2023-07-10,243.6178259082253,214.7420949518741,216.38755571961994,0,0,241.89999389648438
2023-07-17,246.7495348069874,218.51996446842793,219.87048378755247,0,0,241.75
2023-07-24,250.52164469231207,222.77065771778922,224.68268760166484,0,0,258.54998779296875
2023-07-31,268.5451965832166,230.2135616150129,233.08765077160356,0,0,278.5
2023-08-07,276.7335357916083,238.5151015972998,242.0156766672277,0,0,288.1000061035156
2023-08-14,293.7886381274326,249.280521116474,253.68789763686,0,0,304.6000061035156
2023-08-21,322.6605157977207,264.49641890513203,269.855708010848,0,0,325.04998779296875
2023-08-28,322.7377874882485,277.939477624305,283.3356939397866,0,0,330.25
2023-09-04,347.31732762016185,294.5749860597564,301.40292911433426,0,0,369.1499938964844
2023-09-11,376.9079571977986,314.9522639941745,322.5995041495774,0,0,379.3999938964844
2023-09-18,375.50823596158955,332.48664633118767,339.9055525596306,0,0,383.8999938964844
2023-09-25,378.03224469740854,348.2249205715316,354.7852954873847,0,0,377.45001220703125
2023-10-02,370.8723721579694,360.4302634680229,365.6123926059758,0,0,364.29998779296875
2023-10-09,351.8442463950299,367.1554038260184,370.5749003362342,0,0,341.8999938964844
2023-10-16,340.9377491511893,370.6208375063103,372.8098541023786,0,0,338.29998779296875
2023-10-23,333.6688163885969,371.9179968637673,374.20239023573316,0,0,354.1499938964844
2023-10-30,366.0328363482902,379.0739401800381,382.5906244379104,0,0,384.6499938964844
2023-11-06,388.7390913073966,389.4872959056515,393.9396433914177,0,0,399.3999938964844
2023-11-13,390.15704031312214,398.5726319720096,402.5044653000077,0,0,387.29998779296875
2023-11-20,389.97128408035576,406.14903021444326,409.98413097011144,0,0,397.20001220703125
2023-11-27,425.36220892707973,419.35154662545483,424.6713560248834,0,0,440.3999938964844
2023-12-04,506.61079482456284,446.47155387434634,454.8577226075139,0,0,533.7999877929688
2023-12-11,517.0889137210472,471.91346493340336,481.1939041792489,0,0,538.8499755859375
2023-12-18,515.9105112061407,493.51548379905034,501.28604729425007,0,0,512.5499877929688
2023-12-25,519.4865084640933,512.6025732667515,519.834947256417,0,0,525.1500244140625
2024-01-01,536.4791903969026,532.0518485723588,539.5664232302121,0,0,551.0999755859375
2024-01-08,542.8489778278458,549.6888882793355,556.119113272913,0,0,541.1500244140625
2024-01-15,529.4526118158394,561.8105858688521,566.0890127488457,0,0,516.75
2024-01-22,532.7919291913059,572.325972171876,576.5568697562336,0,0,543.2999877929688
2024-01-29,559.769400569774,586.0430366954207,589.8964547052827,0,0,559.4000244140625
2024-02-05,561.1659483775384,597.5442928859719,601.2497921410037,0,0,569.5
2024-02-12,560.8564174108151,606.73947744279,609.6618567648528,0,0,563.75
2024-02-19,552.0407098498167,612.2245226885784,614.2421193049631,0,0,559.0499877929688
2024-02-26,557.121919332257,617.1659383545452,618.3974973988285,0,0,554.1500244140625
2024-03-04,564.4156425884918,622.0687689866929,623.253265595265,0,0,566.8499755859375
2024-03-11,542.5812601293899,621.2349877492695,620.4521646131752,0,1,530.4000244140625
2024-03-18,524.3406207186866,616.0724737421091,614.9591695407803,0,0,531.0499877929688
2024-03-25,529.331237178191,611.6875474481217,610.414949957983,0,0,533.7999877929688
2024-04-01,586.3171898628992,618.2207349184512,620.679049978266,1,0,626.7000122070312
2024-04-08,605.0484291817469,626.887696121888,628.991845418612,0,0,595.2000122070312
2024-04-15,591.4777330583762,631.0991049237111,632.9521779251569,0,0,594.5499877929688
2024-04-22,597.5826146218394,635.24723007276,636.3087713303105,0,0,591.5999755859375
2024-04-29,605.2397364185857,639.6542797160271,640.6456730591888,0,0,604.7000122070312
2024-05-06,601.7089413904453,642.1061385322892,642.7958109150438,0,0,603.0999755859375
2024-05-13,614.9169706952226,646.1310572815594,647.9515997010467,0,0,634.7000122070312
2024-05-20,665.2725474661415,658.8371274473734,664.0128157677818,0,0,707.0
2024-05-27,720.459706655434,680.1303116499057,688.1781876252305,0,0,755.7999877929688
2024-06-03,767.2454706983225,707.3049277330281,714.1891221503856,0,0,767.0499877929688
2024-06-10,770.8461812414953,731.1363249431299,736.2777699138672,0,0,746.75
2024-06-17,741.4840285022174,745.5036213199924,748.9230673797292,0,0,733.6500244140625
2024-06-24,729.1654456475931,754.8438815384924,756.6258106946908,0,0,718.5999755859375
2024-07-01,720.5717899014332,760.4782150017252,760.8711457157328,0,0,708.9000244140625
2024-07-08,718.2280851210047,764.0800489870298,763.6869738413909,0,1,709.9500122070312
2024-07-15,710.4374831122602,764.8396101095125,763.2175264560435,0,0,694.5
2024-07-22,693.7953044375998,761.3846826553411,760.1238619119927,0,0,712.6500244140625
2024-07-29,727.3336034517101,764.0914214689003,763.3686191169181,0,0,726.3499755859375
2024-08-05,701.6449263443853,760.6437280851571,759.1510872754354,0,0,695.4000244140625
2024-08-12,671.706837790723,750.9751107826708,749.7404879998002,0,0,697.4000244140625
2024-08-19,688.7206044880129,745.0849200104201,742.9551615193286,0,0,675.7999877929688
2024-08-26,658.097801481067,733.237372199541,728.8882321667143,0,0,632.0499877929688
2024-09-02,654.1285897664125,721.4269961363132,716.4217377158004,0,0,634.7000122070312
2024-09-09,639.8502331461457,707.6944835820198,702.4682165429047,0,0,633.4500122070312
2024-09-16,658.4891767842545,698.7907315487801,694.5932560592667,0,0,665.1500244140625
2024-09-23,661.4852175882943,691.1336724871094,686.9710206776956,0,0,654.2999877929688
2024-09-30,648.7019841756169,681.5311846013333,677.1361011402455,0,0,642.0999755859375
2024-10-07,635.8619326395662,670.2550232520039,666.1154723014074,0,0,642.2999877929688
2024-10-14,624.6559667012529,657.8808933575399,652.7627625483152,0,0,611.4000244140625
